# x_m,y_m,w_tr_right_m,w_tr_left_m
141.532,-133.432,5.730,5.753
142.330,-134.035,5.730,5.749
143.128,-134.637,5.729,5.748
143.926,-135.239,5.728,5.747
144.725,-135.842,5.731,5.747
145.523,-136.444,5.735,5.746
146.321,-137.046,5.737,5.745
147.120,-137.648,5.737,5.742
147.918,-138.251,5.736,5.738
148.716,-138.853,5.736,5.732
149.515,-139.455,5.734,5.721
150.313,-140.057,5.731,5.711
151.111,-140.659,5.727,5.705
151.910,-141.262,5.724,5.696
152.708,-141.864,5.719,5.685
153.506,-142.466,5.713,5.679
154.305,-143.068,5.707,5.676
155.103,-143.670,5.703,5.674
155.902,-144.272,5.702,5.673
156.700,-144.874,5.700,5.671
157.498,-145.476,5.699,5.674
158.297,-146.079,5.700,5.682
159.095,-146.681,5.704,5.691
159.894,-147.283,5.706,5.696
160.692,-147.885,5.705,5.702
161.490,-148.487,5.710,5.711
162.289,-149.089,5.715,5.722
163.087,-149.692,5.717,5.734
163.885,-150.294,5.723,5.747
164.684,-150.896,5.729,5.762
165.482,-151.498,5.732,5.773
166.280,-152.101,5.736,5.782
167.078,-152.703,5.741,5.791
167.876,-153.306,5.744,5.797
168.674,-153.908,5.744,5.798
169.472,-154.511,5.745,5.799
170.270,-155.114,5.745,5.799
171.068,-155.717,5.743,5.796
171.866,-156.319,5.738,5.793
172.664,-156.922,5.734,5.788
173.462,-157.525,5.735,5.777
174.260,-158.128,5.741,5.764
175.057,-158.731,5.744,5.754
175.855,-159.334,5.747,5.749
176.653,-159.937,5.750,5.749
177.451,-160.540,5.759,5.748
178.249,-161.143,5.766,5.746
179.046,-161.746,5.768,5.742
179.844,-162.348,5.772,5.742
180.642,-162.951,5.778,5.746
181.440,-163.554,5.784,5.749
182.238,-164.156,5.790,5.748
183.036,-164.759,5.795,5.746
183.835,-165.361,5.797,5.746
184.633,-165.963,5.799,5.747
185.431,-166.565,5.802,5.746
186.230,-167.167,5.808,5.741
187.029,-167.769,5.815,5.740
187.827,-168.371,5.812,5.744
188.626,-168.973,5.809,5.746
189.425,-169.574,5.811,5.745
190.224,-170.175,5.808,5.743
191.023,-170.777,5.801,5.742
191.822,-171.378,5.791,5.743
192.622,-171.979,5.784,5.744
193.421,-172.579,5.781,5.744
194.220,-173.180,5.777,5.746
195.020,-173.781,5.773,5.751
195.820,-174.381,5.771,5.754
196.619,-174.982,5.769,5.760
197.419,-175.582,5.770,5.764
198.219,-176.183,5.775,5.763
199.018,-176.783,5.776,5.761
199.818,-177.383,5.770,5.760
200.618,-177.984,5.765,5.764
201.418,-178.584,5.761,5.766
202.217,-179.184,5.755,5.763
203.017,-179.785,5.744,5.764
203.817,-180.385,5.727,5.764
204.617,-180.985,5.711,5.762
205.416,-181.586,5.698,5.763
206.216,-182.186,5.692,5.764
207.016,-182.787,5.690,5.763
207.815,-183.387,5.689,5.759
208.615,-183.988,5.688,5.755
209.414,-184.588,5.689,5.753
210.214,-185.189,5.692,5.748
211.013,-185.790,5.698,5.741
211.813,-186.390,5.705,5.734
212.612,-186.991,5.713,5.725
213.412,-187.592,5.722,5.719
214.211,-188.192,5.730,5.715
215.011,-188.793,5.739,5.712
215.810,-189.394,5.752,5.711
216.610,-189.994,5.764,5.709
217.409,-190.595,5.772,5.709
218.209,-191.195,5.776,5.711
219.009,-191.796,5.776,5.711
219.808,-192.397,5.776,5.710
220.608,-192.997,5.777,5.711
221.407,-193.598,5.778,5.715
222.206,-194.199,5.776,5.718
223.006,-194.800,5.770,5.721
223.805,-195.401,5.765,5.726
224.604,-196.002,5.763,5.735
225.403,-196.604,5.762,5.746
226.201,-197.206,5.758,5.759
226.999,-197.809,5.753,5.771
227.797,-198.412,5.751,5.784
228.594,-199.016,5.753,5.800
229.390,-199.621,5.752,5.818
230.185,-200.227,5.751,5.840
230.980,-200.834,5.744,5.865
231.773,-201.443,5.732,5.892
232.565,-202.053,5.725,5.917
233.356,-202.666,5.720,5.941
234.144,-203.280,5.709,5.966
234.931,-203.898,5.683,5.997
235.715,-204.518,5.656,6.031
236.497,-205.142,5.631,6.067
237.276,-205.770,5.600,6.107
238.051,-206.401,5.560,6.152
238.822,-207.038,5.509,6.203
239.589,-207.680,5.451,6.262
240.351,-208.328,5.392,6.331
241.107,-208.982,5.322,6.411
241.857,-209.643,5.239,6.501
242.601,-210.311,5.151,6.603
243.337,-210.988,5.062,6.711
244.065,-211.674,4.952,6.828
244.783,-212.370,4.829,6.953
245.491,-213.076,4.708,7.093
246.188,-213.793,4.572,7.250
246.873,-214.522,4.433,7.417
247.544,-215.263,4.293,7.595
248.200,-216.018,4.148,7.777
248.840,-216.786,3.986,7.960
249.463,-217.568,3.820,8.135
250.067,-218.366,3.661,8.305
250.649,-219.178,3.497,8.487
251.210,-220.007,3.338,8.656
251.746,-220.851,3.184,8.817
252.256,-221.711,3.031,8.974
252.739,-222.587,2.893,9.122
253.191,-223.478,2.769,9.261
253.613,-224.385,2.662,9.386
254.000,-225.307,2.569,9.492
254.353,-226.243,2.497,9.570
254.668,-227.192,2.432,9.612
254.945,-228.153,2.386,9.623
255.181,-229.124,2.360,9.609
255.376,-230.105,2.364,9.578
255.527,-231.094,2.369,9.554
255.634,-232.088,2.372,9.536
255.696,-233.086,2.366,9.509
255.712,-234.086,2.349,9.498
255.682,-235.085,2.344,9.491
255.604,-236.082,2.332,9.485
255.480,-237.075,2.299,9.484
255.308,-238.060,2.279,9.488
255.090,-239.036,2.254,9.504
254.826,-240.000,2.228,9.520
254.516,-240.951,2.221,9.518
254.161,-241.886,2.223,9.513
253.762,-242.803,2.214,9.492
253.321,-243.700,2.206,9.486
252.838,-244.576,2.211,9.490
252.315,-245.428,2.214,9.491
251.754,-246.256,2.232,9.481
251.157,-247.058,2.258,9.471
250.525,-247.833,2.291,9.454
249.860,-248.580,2.319,9.422
249.164,-249.298,2.356,9.380
248.440,-249.987,2.415,9.317
247.688,-250.647,2.480,9.246
246.912,-251.277,2.557,9.172
246.113,-251.879,2.637,9.094
245.293,-252.451,2.749,9.007
244.454,-252.994,2.867,8.912
243.597,-253.510,2.992,8.789
242.725,-253.999,3.137,8.653
241.838,-254.462,3.306,8.502
240.939,-254.899,3.471,8.340
240.028,-255.312,3.639,8.186
239.107,-255.702,3.819,8.036
238.178,-256.071,3.997,7.880
237.240,-256.418,4.163,7.724
236.295,-256.746,4.313,7.565
235.344,-257.056,4.446,7.405
234.388,-257.348,4.570,7.254
233.427,-257.624,4.699,7.106
232.462,-257.886,4.828,6.962
231.493,-258.133,4.944,6.831
230.521,-258.368,5.052,6.717
229.546,-258.591,5.144,6.619
228.569,-258.803,5.237,6.521
227.589,-259.005,5.333,6.431
226.608,-259.198,5.410,6.351
225.625,-259.383,5.481,6.280
224.641,-259.561,5.548,6.223
223.656,-259.732,5.605,6.178
222.670,-259.896,5.664,6.134
221.682,-260.056,5.707,6.097
220.695,-260.211,5.738,6.066
219.706,-260.361,5.769,6.038
218.717,-260.508,5.791,6.017
217.727,-260.652,5.812,6.003
216.737,-260.792,5.832,5.993
215.747,-260.930,5.848,5.989
214.756,-261.066,5.862,5.988
213.765,-261.201,5.866,5.989
212.774,-261.333,5.875,5.987
211.782,-261.465,5.888,5.977
210.791,-261.595,5.898,5.965
209.799,-261.725,5.904,5.953
208.808,-261.853,5.906,5.941
207.816,-261.982,5.911,5.928
206.824,-262.110,5.919,5.913
205.833,-262.238,5.925,5.902
204.841,-262.367,5.936,5.896
203.849,-262.495,5.955,5.887
202.857,-262.624,5.970,5.890
201.866,-262.753,5.977,5.895
200.874,-262.882,5.998,5.894
199.883,-263.012,6.014,5.892
198.891,-263.143,6.022,5.887
197.900,-263.275,6.027,5.881
196.909,-263.408,6.036,5.869
195.918,-263.542,6.060,5.855
194.927,-263.677,6.069,5.842
193.937,-263.814,6.081,5.834
192.946,-263.952,6.087,5.829
191.956,-264.092,6.084,5.819
190.966,-264.233,6.093,5.804
189.976,-264.376,6.104,5.786
188.987,-264.521,6.119,5.764
187.998,-264.669,6.127,5.741
187.009,-264.818,6.142,5.720
186.021,-264.970,6.156,5.696
185.032,-265.124,6.172,5.667
184.045,-265.281,6.188,5.638
183.058,-265.440,6.199,5.608
182.071,-265.602,6.204,5.582
181.085,-265.767,6.210,5.553
180.099,-265.935,6.205,5.521
179.113,-266.105,6.194,5.488
178.129,-266.279,6.194,5.459
177.144,-266.457,6.192,5.434
176.161,-266.637,6.189,5.407
175.178,-266.820,6.174,5.375
174.195,-267.007,6.151,5.349
173.214,-267.198,6.136,5.325
172.233,-267.391,6.121,5.301
171.252,-267.589,6.115,5.295
170.273,-267.789,6.109,5.293
169.294,-267.993,6.090,5.296
168.315,-268.201,6.077,5.304
167.338,-268.412,6.072,5.318
166.361,-268.626,6.062,5.335
165.385,-268.844,6.054,5.354
164.410,-269.065,6.051,5.381
163.436,-269.290,6.043,5.412
162.462,-269.519,6.033,5.435
161.489,-269.751,6.034,5.451
160.518,-269.986,6.035,5.467
159.547,-270.226,6.038,5.486
158.577,-270.469,6.040,5.504
157.608,-270.716,6.033,5.510
156.640,-270.967,6.029,5.511
155.673,-271.223,6.044,5.518
154.707,-271.483,6.064,5.524
153.743,-271.748,6.069,5.523
152.780,-272.017,6.077,5.519
151.819,-272.293,6.102,5.513
150.859,-272.574,6.135,5.496
149.901,-272.861,6.164,5.469
148.946,-273.156,6.204,5.436
147.992,-273.457,6.255,5.399
147.041,-273.767,6.321,5.355
146.093,-274.085,6.379,5.298
145.149,-274.413,6.452,5.240
144.208,-274.751,6.528,5.167
143.271,-275.101,6.628,5.085
142.338,-275.462,6.735,4.990
141.411,-275.837,6.849,4.882
140.490,-276.225,6.983,4.752
139.575,-276.630,7.124,4.612
138.668,-277.050,7.292,4.459
137.769,-277.489,7.486,4.298
136.880,-277.946,7.702,4.130
136.001,-278.424,7.942,3.954
135.135,-278.924,8.182,3.771
134.283,-279.446,8.419,3.572
133.446,-279.994,8.653,3.363
132.626,-280.567,8.875,3.142
131.826,-281.167,9.087,2.918
131.048,-281.795,9.284,2.700
130.294,-282.452,9.460,2.506
129.568,-283.139,9.617,2.338
128.872,-283.857,9.747,2.190
128.209,-284.606,9.860,2.061
127.582,-285.385,9.971,1.953
126.996,-286.195,10.090,1.871
126.452,-287.034,10.198,1.803
125.954,-287.901,10.308,1.733
125.505,-288.795,10.406,1.660
125.108,-289.713,10.488,1.590
124.763,-290.651,10.531,1.498
124.474,-291.608,10.544,1.409
124.239,-292.580,10.516,1.366
124.061,-293.564,10.463,1.370
123.937,-294.557,10.374,1.421
123.868,-295.554,10.262,1.529
123.851,-296.554,10.145,1.684
123.884,-297.553,9.999,1.892
123.965,-298.550,9.829,2.124
124.092,-299.542,9.634,2.369
124.260,-300.528,9.426,2.628
124.468,-301.506,9.206,2.887
124.713,-302.475,8.966,3.135
124.991,-303.436,8.704,3.364
125.300,-304.387,8.463,3.586
125.638,-305.328,8.229,3.800
126.000,-306.260,8.007,4.000
126.386,-307.183,7.794,4.191
126.793,-308.096,7.576,4.374
127.218,-309.002,7.381,4.552
127.660,-309.899,7.194,4.730
128.116,-310.788,7.008,4.894
128.585,-311.672,6.832,5.048
129.066,-312.549,6.683,5.193
129.556,-313.420,6.547,5.324
130.053,-314.288,6.414,5.440
130.558,-315.151,6.285,5.547
131.067,-316.012,6.155,5.654
131.580,-316.870,6.026,5.763
132.096,-317.727,5.904,5.864
132.613,-318.583,5.782,5.958
133.129,-319.439,5.668,6.056
133.645,-320.296,5.553,6.164
134.157,-321.155,5.443,6.269
134.666,-322.016,5.340,6.375
135.170,-322.879,5.235,6.493
135.668,-323.747,5.127,6.614
136.158,-324.618,5.012,6.734
136.639,-325.495,4.896,6.859
137.111,-326.377,4.772,6.986
137.571,-327.265,4.639,7.114
138.018,-328.159,4.500,7.259
138.452,-329.060,4.346,7.411
138.870,-329.968,4.186,7.567
139.271,-330.885,4.015,7.711
139.654,-331.808,3.839,7.839
140.017,-332.740,3.663,7.970
140.358,-333.680,3.500,8.089
140.677,-334.628,3.352,8.230
140.971,-335.584,3.219,8.370
141.239,-336.547,3.091,8.503
141.480,-337.518,2.995,8.635
141.692,-338.495,2.909,8.772
141.873,-339.478,2.830,8.889
142.022,-340.467,2.768,8.992
142.137,-341.461,2.729,9.076
142.218,-342.457,2.692,9.144
142.263,-343.456,2.664,9.174
142.271,-344.456,2.631,9.178
142.241,-345.456,2.606,9.180
142.173,-346.453,2.594,9.196
142.064,-347.447,2.575,9.218
141.915,-348.436,2.560,9.240
141.726,-349.418,2.560,9.272
141.496,-350.391,2.549,9.322
141.225,-351.354,2.540,9.378
140.913,-352.304,2.538,9.433
140.560,-353.239,2.524,9.484
140.167,-354.159,2.516,9.526
139.734,-355.060,2.520,9.554
139.261,-355.942,2.510,9.543
138.751,-356.802,2.500,9.520
138.203,-357.638,2.501,9.485
137.618,-358.449,2.508,9.434
136.998,-359.234,2.503,9.379
136.344,-359.990,2.492,9.328
135.657,-360.717,2.494,9.298
134.938,-361.412,2.491,9.290
134.190,-362.075,2.491,9.279
133.413,-362.705,2.495,9.266
132.609,-363.300,2.505,9.252
131.780,-363.859,2.519,9.248
130.927,-364.381,2.530,9.245
130.053,-364.867,2.534,9.238
129.159,-365.315,2.535,9.239
128.247,-365.724,2.538,9.250
127.318,-366.095,2.539,9.273
126.375,-366.428,2.550,9.300
125.419,-366.722,2.555,9.328
124.452,-366.977,2.564,9.345
123.476,-367.195,2.578,9.345
122.493,-367.375,2.604,9.315
121.503,-367.519,2.642,9.258
120.509,-367.626,2.694,9.200
119.512,-367.699,2.765,9.111
118.513,-367.739,2.852,8.996
117.513,-367.746,2.952,8.854
116.513,-367.721,3.064,8.695
115.514,-367.667,3.201,8.547
114.518,-367.585,3.340,8.415
113.524,-367.475,3.492,8.271
112.533,-367.341,3.664,8.144
111.546,-367.182,3.831,7.994
110.562,-367.001,3.994,7.834
109.583,-366.798,4.145,7.676
108.608,-366.576,4.295,7.511
107.637,-366.336,4.448,7.344
106.671,-366.079,4.598,7.180
105.709,-365.806,4.735,7.022
104.751,-365.519,4.865,6.883
103.797,-365.218,4.986,6.759
102.847,-364.905,5.092,6.646
101.901,-364.581,5.182,6.555
100.959,-364.247,5.267,6.468
100.020,-363.904,5.345,6.377
99.083,-363.552,5.415,6.296
98.150,-363.192,5.475,6.228
97.220,-362.826,5.527,6.167
96.292,-362.453,5.572,6.121
95.366,-362.075,5.613,6.083
94.442,-361.692,5.644,6.055
93.521,-361.305,5.670,6.030
92.600,-360.913,5.698,6.016
91.682,-360.518,5.725,6.005
90.764,-360.120,5.746,5.989
89.848,-359.719,5.766,5.975
88.933,-359.316,5.782,5.964
88.019,-358.910,5.790,5.955
87.106,-358.503,5.795,5.948
86.193,-358.094,5.798,5.932
85.281,-357.684,5.801,5.919
84.370,-357.272,5.802,5.914
83.459,-356.860,5.803,5.909
82.548,-356.446,5.803,5.901
81.638,-356.032,5.807,5.896
80.728,-355.617,5.810,5.898
79.819,-355.201,5.817,5.897
78.910,-354.785,5.825,5.888
78.000,-354.369,5.832,5.888
77.091,-353.952,5.838,5.892
76.183,-353.535,5.841,5.887
75.274,-353.118,5.842,5.878
74.365,-352.700,5.844,5.868
73.457,-352.282,5.847,5.855
72.548,-351.864,5.849,5.840
71.640,-351.446,5.851,5.823
70.731,-351.028,5.851,5.811
69.823,-350.610,5.849,5.795
68.915,-350.192,5.847,5.779
68.006,-349.774,5.846,5.766
67.098,-349.355,5.835,5.765
66.190,-348.937,5.823,5.771
65.281,-348.518,5.814,5.774
64.373,-348.100,5.801,5.780
63.465,-347.681,5.785,5.775
62.557,-347.262,5.757,5.765
61.649,-346.843,5.741,5.752
60.741,-346.423,5.729,5.735
59.834,-346.004,5.716,5.724
58.926,-345.584,5.708,5.721
58.019,-345.163,5.696,5.720
57.112,-344.742,5.680,5.719
56.205,-344.320,5.675,5.729
55.299,-343.897,5.672,5.738
54.393,-343.474,5.662,5.752
53.488,-343.049,5.655,5.769
52.583,-342.623,5.653,5.786
51.679,-342.196,5.649,5.814
50.776,-341.766,5.641,5.836
49.874,-341.335,5.630,5.851
48.973,-340.902,5.613,5.863
48.073,-340.466,5.593,5.888
47.174,-340.027,5.576,5.917
46.277,-339.585,5.555,5.943
45.382,-339.139,5.534,5.969
44.489,-338.689,5.506,5.999
43.598,-338.234,5.468,6.037
42.710,-337.775,5.422,6.086
41.825,-337.310,5.375,6.137
40.942,-336.839,5.321,6.201
40.064,-336.362,5.260,6.280
39.189,-335.877,5.191,6.366
38.319,-335.385,5.117,6.456
37.453,-334.884,5.038,6.554
36.593,-334.374,4.950,6.671
35.739,-333.854,4.858,6.797
34.891,-333.324,4.762,6.931
34.049,-332.783,4.653,7.081
33.216,-332.231,4.532,7.234
32.391,-331.666,4.416,7.386
31.575,-331.088,4.295,7.537
30.769,-330.496,4.164,7.681
29.973,-329.891,4.037,7.805
29.189,-329.270,3.915,7.918
28.417,-328.635,3.792,8.013
27.658,-327.983,3.695,8.097
26.913,-327.316,3.614,8.177
26.183,-326.632,3.551,8.244
25.470,-325.932,3.513,8.291
24.773,-325.214,3.481,8.325
24.095,-324.480,3.458,8.336
23.435,-323.728,3.443,8.351
22.796,-322.959,3.445,8.375
22.178,-322.172,3.421,8.402
21.583,-321.369,3.399,8.428
21.011,-320.549,3.376,8.450
20.463,-319.712,3.347,8.485
19.941,-318.859,3.316,8.513
19.446,-317.990,3.295,8.543
18.978,-317.106,3.263,8.584
18.540,-316.208,3.234,8.641
18.131,-315.295,3.209,8.892
17.754,-314.369,3.180,8.854
17.410,-313.430,3.145,8.771
17.099,-312.480,3.098,8.788
16.822,-311.519,3.040,8.796
16.581,-310.548,2.957,8.816
16.378,-309.569,2.875,8.875
16.212,-308.583,2.789,8.945
16.085,-307.591,2.694,9.033
15.999,-306.595,2.608,9.128
15.953,-305.596,2.531,9.261
15.949,-304.596,2.455,9.422
15.987,-303.597,2.389,9.552
16.067,-302.600,2.333,9.623
16.191,-301.608,2.295,9.649
16.357,-300.621,2.272,9.672
16.564,-299.652,2.253,9.683
16.815,-298.684,2.252,9.674
17.106,-297.728,2.266,9.654
17.439,-296.785,2.278,9.626
17.809,-295.856,2.291,9.577
18.218,-294.943,2.342,9.523
18.662,-294.047,2.397,9.486
19.139,-293.169,2.470,9.445
19.649,-292.308,2.567,9.394
20.187,-291.465,2.667,9.321
20.753,-290.641,2.790,9.219
21.344,-289.834,2.923,9.088
21.957,-289.044,3.099,8.925
22.591,-288.271,3.312,8.728
23.243,-287.512,3.582,8.508
23.911,-286.768,3.874,8.272
24.593,-286.037,4.192,8.012
25.287,-285.317,4.536,7.726
25.991,-284.607,4.878,7.408
26.704,-283.906,5.221,7.069
27.424,-283.211,5.537,6.756
28.148,-282.522,5.829,6.438
28.876,-281.836,6.104,6.124
29.606,-281.153,6.363,5.831
30.336,-280.470,6.613,5.548
31.065,-279.785,6.851,5.266
31.792,-279.098,7.064,4.993
32.514,-278.406,7.249,4.730
33.231,-277.709,7.415,4.490
33.941,-277.005,7.560,4.263
34.643,-276.293,7.695,4.048
35.335,-275.571,7.835,3.859
36.015,-274.838,7.977,3.696
36.683,-274.094,8.103,3.564
37.337,-273.338,8.211,3.454
37.976,-272.568,8.288,3.366
38.597,-271.784,8.348,3.298
39.200,-270.987,8.399,3.243
39.784,-270.175,8.448,3.206
40.346,-269.348,8.480,3.184
40.886,-268.506,8.501,3.150
41.403,-267.650,8.510,3.119
41.895,-266.779,8.508,3.086
42.360,-265.894,8.497,3.065
42.799,-264.996,8.501,3.051
43.210,-264.084,8.517,3.029
43.593,-263.160,8.539,3.020
43.945,-262.224,8.567,3.006
44.267,-261.278,8.604,2.989
44.558,-260.321,8.637,2.985
44.818,-259.355,8.672,2.994
45.045,-258.381,8.711,3.001
45.239,-257.400,8.730,3.005
45.400,-256.414,8.740,3.009
45.528,-255.422,8.733,3.013
45.622,-254.426,8.729,3.022
45.682,-253.428,8.721,3.025
45.707,-252.428,8.725,3.032
45.699,-251.428,8.721,3.039
45.656,-250.429,8.717,3.038
45.578,-249.432,8.713,3.038
45.467,-248.439,8.703,3.052
45.321,-247.449,8.715,3.073
45.141,-246.466,8.736,3.081
44.927,-245.489,8.758,3.080
44.679,-244.520,8.792,3.072
44.399,-243.560,8.827,3.054
44.086,-242.610,8.860,3.030
43.740,-241.672,8.869,3.013
43.363,-240.746,8.870,2.996
42.955,-239.833,8.867,2.984
42.516,-238.934,8.848,2.971
42.048,-238.051,8.827,2.968
41.551,-237.183,8.802,2.964
41.026,-236.332,8.762,2.964
40.474,-235.498,8.716,2.969
39.896,-234.682,8.675,2.994
39.294,-233.884,8.638,3.043
38.667,-233.104,8.586,3.095
38.018,-232.344,8.534,3.154
37.347,-231.602,8.480,3.232
36.655,-230.880,8.414,3.322
35.944,-230.177,8.338,3.413
35.215,-229.493,8.255,3.512
34.468,-228.828,8.163,3.613
33.705,-228.182,8.057,3.715
32.926,-227.554,7.949,3.825
32.133,-226.945,7.836,3.919
31.326,-226.354,7.724,3.997
30.507,-225.781,7.618,4.080
29.676,-225.225,7.511,4.146
28.834,-224.686,7.415,4.199
27.981,-224.163,7.330,4.248
27.119,-223.656,7.252,4.312
26.248,-223.165,7.182,4.362
25.368,-222.690,7.124,4.408
24.481,-222.229,7.077,4.462
23.586,-221.783,7.038,4.517
22.684,-221.350,7.002,4.572
21.776,-220.932,6.971,4.610
20.861,-220.527,6.947,4.642
19.941,-220.135,6.929,4.681
19.016,-219.757,6.914,4.720
18.085,-219.391,6.900,4.744
17.150,-219.037,6.892,4.762
16.210,-218.695,6.883,4.776
15.266,-218.366,6.873,4.795
14.317,-218.049,6.867,4.807
13.365,-217.743,6.861,4.803
12.409,-217.449,6.857,4.796
11.450,-217.167,6.854,4.783
10.487,-216.896,6.852,4.771
9.521,-216.637,6.851,4.759
8.553,-216.390,6.848,4.744
7.581,-216.154,6.847,4.730
6.606,-215.929,6.849,4.715
5.629,-215.716,6.858,4.702
4.650,-215.515,6.875,4.693
3.668,-215.325,6.888,4.687
2.684,-215.147,6.899,4.685
1.698,-214.980,6.915,4.687
0.710,-214.826,6.936,4.688
-0.280,-214.683,6.956,4.691
-1.271,-214.552,6.978,4.695
-2.264,-214.433,6.998,4.698
-3.258,-214.326,7.012,4.697
-4.254,-214.231,7.026,4.698
-5.250,-214.149,7.043,4.700
-6.248,-214.078,7.057,4.696
-7.246,-214.020,7.068,4.693
-8.245,-213.973,7.079,4.688
-9.245,-213.939,7.089,4.683
-10.244,-213.918,7.093,4.684
-11.244,-213.909,7.094,4.687
-12.244,-213.912,7.093,4.693
-13.244,-213.928,7.086,4.700
-14.244,-213.957,7.081,4.706
-15.243,-213.998,7.070,4.714
-16.241,-214.052,7.053,4.722
-17.239,-214.119,7.037,4.733
-18.236,-214.199,7.025,4.746
-19.232,-214.293,7.008,4.763
-20.226,-214.400,6.994,4.782
-21.219,-214.521,6.985,4.797
-22.209,-214.655,6.976,4.801
-23.198,-214.805,6.979,4.791
-24.185,-214.969,6.996,4.773
-25.168,-215.148,7.025,4.749
-26.149,-215.344,7.058,4.717
-27.126,-215.555,7.097,4.682
-28.100,-215.784,7.155,4.636
-29.069,-216.030,7.225,4.575
-30.033,-216.295,7.304,4.500
-30.992,-216.579,7.390,4.413
-31.945,-216.884,7.489,4.312
-32.890,-217.209,7.598,4.195
-33.828,-217.557,7.718,4.065
-34.756,-217.928,7.858,3.924
-35.675,-218.324,8.003,3.769
-36.582,-218.745,8.164,3.598
-37.476,-219.193,8.341,3.420
-38.355,-219.670,8.530,3.244
-39.217,-220.176,8.733,3.064
-40.061,-220.713,8.943,2.876
-40.883,-221.282,9.153,2.679
-41.682,-221.884,9.360,2.497
-42.453,-222.520,9.536,2.309
-43.194,-223.192,9.707,2.119
-43.902,-223.898,9.868,1.931
-44.572,-224.640,10.002,1.744
-45.201,-225.417,10.137,1.584
-45.785,-226.229,10.259,1.428
-46.321,-227.074,10.389,1.301
-46.803,-227.949,10.502,1.199
-47.231,-228.853,10.600,1.130
-47.600,-229.783,10.653,1.076
-47.909,-230.734,10.663,1.048
-48.157,-231.702,10.627,1.031
-48.345,-232.684,10.550,1.046
-48.474,-233.676,10.469,1.098
-48.545,-234.673,10.399,1.200
-48.562,-235.673,10.297,1.322
-48.528,-236.673,10.188,1.481
-48.446,-237.669,10.039,1.721
-48.323,-238.662,9.848,2.025
-48.161,-239.648,9.611,2.384
-47.966,-240.629,9.351,2.837
-47.741,-241.604,9.051,3.317
-47.493,-242.572,8.715,3.805
-47.224,-243.535,8.336,4.347
-46.939,-244.494,7.949,4.908
-46.643,-245.449,7.515,5.482
-46.339,-246.402,7.046,6.045
-46.032,-247.353,6.553,6.593
-45.725,-248.305,6.043,7.129
-45.423,-249.259,5.507,7.650
-45.130,-250.215,4.964,8.155
-44.849,-251.174,4.441,8.619
-44.586,-252.139,3.917,9.052
-44.345,-253.110,3.406,9.451
-44.129,-254.086,2.931,9.786
-43.945,-255.069,2.507,10.064
-43.797,-256.058,2.142,10.275
-43.690,-257.052,1.839,10.438
-43.629,-258.050,1.556,10.569
-43.618,-259.050,1.340,10.729
-43.661,-260.049,1.169,10.876
-43.762,-261.044,1.056,10.957
-43.923,-262.031,0.992,10.990
-44.147,-263.006,0.962,10.992
-44.433,-263.964,0.998,10.983
-44.781,-264.901,1.059,10.930
-45.189,-265.814,1.187,10.849
-45.655,-266.699,1.343,10.735
-46.175,-267.553,1.538,10.567
-46.745,-268.374,1.770,10.338
-47.362,-269.161,2.006,10.091
-48.022,-269.913,2.241,9.826
-48.719,-270.629,2.473,9.551
-49.452,-271.310,2.692,9.295
-50.215,-271.956,2.883,9.070
-51.006,-272.568,3.049,8.884
-51.821,-273.147,3.190,8.717
-52.659,-273.693,3.309,8.589
-53.516,-274.209,3.418,8.464
-54.390,-274.694,3.519,8.342
-55.280,-275.150,3.612,8.247
-56.183,-275.579,3.693,8.158
-57.099,-275.981,3.770,8.069
-58.025,-276.357,3.847,7.986
-58.961,-276.709,3.919,7.910
-59.906,-277.037,3.990,7.838
-60.858,-277.342,4.063,7.771
-61.817,-277.625,4.134,7.709
-62.783,-277.887,4.202,7.648
-63.753,-278.129,4.270,7.595
-64.728,-278.352,4.336,7.551
-65.707,-278.555,4.398,7.517
-66.690,-278.740,4.455,7.490
-67.675,-278.908,4.515,7.474
-68.664,-279.058,4.568,7.447
-69.655,-279.193,4.608,7.416
-70.648,-279.311,4.647,7.390
-71.643,-279.414,4.679,7.357
-72.639,-279.502,4.707,7.315
-73.636,-279.576,4.732,7.270
-74.634,-279.637,4.760,7.223
-75.633,-279.683,4.792,7.184
-76.632,-279.717,4.825,7.144
-77.632,-279.739,4.856,7.093
-78.632,-279.748,4.886,7.044
-79.632,-279.746,4.920,6.989
-80.632,-279.732,4.959,6.942
-81.632,-279.708,4.999,6.905
-82.631,-279.673,5.040,6.872
-83.630,-279.627,5.072,6.834
-84.629,-279.572,5.107,6.797
-85.627,-279.508,5.147,6.761
-86.624,-279.434,5.184,6.726
-87.620,-279.352,5.215,6.696
-88.616,-279.261,5.243,6.666
-89.611,-279.162,5.270,6.639
-90.606,-279.054,5.298,6.614
-91.599,-278.939,5.328,6.592
-92.591,-278.817,5.354,6.572
-93.583,-278.687,5.374,6.549
-94.574,-278.550,5.391,6.529
-95.563,-278.406,5.403,6.507
-96.552,-278.255,5.414,6.484
-97.539,-278.098,5.422,6.458
-98.526,-277.934,5.424,6.432
-99.511,-277.764,5.422,6.415
-100.495,-277.587,5.421,6.409
-101.479,-277.405,5.417,6.410
-102.461,-277.216,5.406,6.417
-103.442,-277.022,5.395,6.425
-104.421,-276.821,5.383,6.433
-105.400,-276.615,5.369,6.443
-106.377,-276.403,5.355,6.453
-107.353,-276.186,5.343,6.463
-108.328,-275.963,5.332,6.471
-109.302,-275.735,5.325,6.476
-110.274,-275.501,5.319,6.483
-111.245,-275.262,5.312,6.485
-112.215,-275.017,5.307,6.476
-113.183,-274.767,5.305,6.459
-114.150,-274.512,5.301,6.447
-115.115,-274.253,5.305,6.442
-116.080,-273.988,5.316,6.435
-117.043,-273.718,5.329,6.418
-118.004,-273.444,5.343,6.394
-118.965,-273.164,5.356,6.371
-119.924,-272.881,5.370,6.349
-120.881,-272.593,5.387,6.328
-121.838,-272.301,5.408,6.302
-122.793,-272.005,5.433,6.272
-123.747,-271.704,5.458,6.248
-124.699,-271.400,5.484,6.233
-125.651,-271.093,5.508,6.215
-126.601,-270.781,5.529,6.187
-127.550,-270.467,5.551,6.161
-128.498,-270.149,5.577,6.143
-129.446,-269.829,5.603,6.134
-130.392,-269.505,5.629,6.124
-131.337,-269.179,5.652,6.109
-132.282,-268.850,5.669,6.093
-133.225,-268.519,5.688,6.080
-134.168,-268.186,5.709,6.073
-135.110,-267.850,5.729,6.061
-136.051,-267.513,5.749,6.042
-136.992,-267.174,5.766,6.031
-137.932,-266.833,5.780,6.026
-138.872,-266.490,5.795,6.015
-139.811,-266.147,5.811,6.004
-140.749,-265.802,5.825,5.992
-141.688,-265.455,5.844,5.980
-142.625,-265.108,5.862,5.975
-143.563,-264.759,5.875,5.971
-144.500,-264.410,5.884,5.961
-145.436,-264.060,5.890,5.950
-146.373,-263.709,5.893,5.944
-147.309,-263.358,5.896,5.944
-148.245,-263.005,5.900,5.943
-149.181,-262.653,5.901,5.940
-150.116,-262.299,5.897,5.937
-151.051,-261.946,5.892,5.934
-151.987,-261.591,5.890,5.933
-152.922,-261.237,5.889,5.932
-153.857,-260.882,5.887,5.934
-154.791,-260.527,5.881,5.933
-155.726,-260.171,5.875,5.929
-156.661,-259.815,5.875,5.929
-157.595,-259.459,5.878,5.933
-158.529,-259.103,5.881,5.931
-159.464,-258.747,5.883,5.928
-160.398,-258.390,5.882,5.927
-161.332,-258.033,5.881,5.921
-162.266,-257.676,5.881,5.914
-163.200,-257.319,5.881,5.911
-164.134,-256.961,5.882,5.908
-165.068,-256.604,5.879,5.905
-166.002,-256.246,5.874,5.903
-166.936,-255.888,5.870,5.901
-167.870,-255.531,5.872,5.901
-168.803,-255.173,5.876,5.902
-169.737,-254.815,5.878,5.899
-170.671,-254.457,5.878,5.894
-171.604,-254.098,5.879,5.894
-172.538,-253.740,5.880,5.892
-173.472,-253.382,5.880,5.886
-174.405,-253.024,5.884,5.886
-175.339,-252.665,5.891,5.894
-176.272,-252.307,5.900,5.903
-177.205,-251.949,5.907,5.904
-178.140,-251.591,5.913,5.904
-179.073,-251.232,5.919,5.906
-180.007,-250.874,5.926,5.908
-180.940,-250.516,5.934,5.908
-181.874,-250.157,5.940,5.905
-182.808,-249.799,5.947,5.899
-183.741,-249.441,5.952,5.897
-184.675,-249.083,5.950,5.899
-185.609,-248.725,5.944,5.903
-186.542,-248.367,5.936,5.905
-187.476,-248.009,5.928,5.903
-188.410,-247.651,5.924,5.899
-189.344,-247.293,5.918,5.899
-190.277,-246.935,5.907,5.905
-191.211,-246.577,5.893,5.912
-192.145,-246.219,5.881,5.911
-193.079,-245.861,5.866,5.905
-194.012,-245.503,5.855,5.899
-194.946,-245.145,5.856,5.897
-195.880,-244.788,5.856,5.892
-196.814,-244.430,5.856,5.887
-197.748,-244.072,5.860,5.882
-198.681,-243.714,5.862,5.873
-199.615,-243.357,5.863,5.861
-200.549,-242.999,5.869,5.853
-201.483,-242.641,5.878,5.855
-202.417,-242.284,5.884,5.859
-203.351,-241.926,5.886,5.858
-204.285,-241.568,5.891,5.854
-205.218,-241.211,5.900,5.852
-206.152,-240.853,5.904,5.858
-207.086,-240.496,5.899,5.868
-208.020,-240.138,5.891,5.875
-208.954,-239.781,5.885,5.875
-209.888,-239.423,5.879,5.872
-210.822,-239.066,5.874,5.875
-211.756,-238.708,5.867,5.876
-212.690,-238.351,5.857,5.874
-213.624,-237.993,5.848,5.870
-214.558,-237.636,5.842,5.865
-215.492,-237.279,5.842,5.859
-216.426,-236.921,5.842,5.856
-217.360,-236.564,5.842,5.854
-218.294,-236.207,5.850,5.851
-219.227,-235.850,5.858,5.844
-220.161,-235.492,5.859,5.839
-221.095,-235.135,5.858,5.838
-222.029,-234.777,5.861,5.837
-222.963,-234.420,5.864,5.834
-223.897,-234.063,5.859,5.834
-224.831,-233.705,5.850,5.836
-225.765,-233.348,5.846,5.839
-226.699,-232.990,5.845,5.840
-227.633,-232.633,5.843,5.838
-228.567,-232.275,5.841,5.838
-229.501,-231.918,5.833,5.843
-230.435,-231.560,5.822,5.850
-231.369,-231.203,5.818,5.854
-232.303,-230.845,5.825,5.854
-233.236,-230.487,5.831,5.850
-234.170,-230.130,5.826,5.847
-235.104,-229.772,5.821,5.851
-236.038,-229.414,5.824,5.858
-236.972,-229.056,5.826,5.864
-237.905,-228.698,5.827,5.866
-238.839,-228.340,5.832,5.864
-239.773,-227.982,5.837,5.862
-240.707,-227.624,5.842,5.867
-241.640,-227.266,5.851,5.876
-242.574,-226.908,5.861,5.876
-243.508,-226.550,5.868,5.871
-244.441,-226.192,5.872,5.873
-245.375,-225.834,5.877,5.881
-246.309,-225.475,5.886,5.890
-247.242,-225.117,5.898,5.897
-248.176,-224.759,5.910,5.901
-249.109,-224.401,5.918,5.903
-250.043,-224.042,5.922,5.909
-250.977,-223.684,5.927,5.916
-251.910,-223.325,5.934,5.919
-252.844,-222.967,5.939,5.920
-253.777,-222.608,5.940,5.918
-254.710,-222.249,5.939,5.914
-255.644,-221.890,5.939,5.914
-256.577,-221.531,5.938,5.919
-257.510,-221.171,5.935,5.923
-258.443,-220.811,5.931,5.920
-259.376,-220.451,5.928,5.920
-260.308,-220.090,5.926,5.927
-261.241,-219.728,5.919,5.939
-262.173,-219.366,5.910,5.947
-263.105,-219.003,5.900,5.961
-264.036,-218.639,5.886,5.980
-264.967,-218.273,5.868,5.992
-265.897,-217.906,5.850,5.998
-266.826,-217.537,5.833,6.003
-267.755,-217.167,5.815,6.012
-268.683,-216.794,5.790,6.026
-269.610,-216.419,5.765,6.042
-270.536,-216.041,5.738,6.057
-271.460,-215.660,5.708,6.076
-272.383,-215.275,5.681,6.101
-273.305,-214.886,5.655,6.128
-274.224,-214.492,5.622,6.170
-275.141,-214.094,5.582,6.220
-276.056,-213.690,5.543,6.277
-276.968,-213.279,5.495,6.347
-277.877,-212.862,5.436,6.417
-278.782,-212.437,5.369,6.490
-279.683,-212.005,5.298,6.565
-280.581,-211.563,5.215,6.648
-281.473,-211.112,5.123,6.743
-282.360,-210.650,5.013,6.845
-283.241,-210.177,4.901,6.954
-284.116,-209.693,4.779,7.078
-284.983,-209.195,4.645,7.222
-285.843,-208.684,4.501,7.379
-286.693,-208.158,4.354,7.535
-287.534,-207.617,4.203,7.698
-288.364,-207.059,4.049,7.850
-289.183,-206.485,3.896,8.016
-289.989,-205.893,3.749,8.164
-290.782,-205.283,3.589,8.286
-291.559,-204.654,3.439,8.377
-292.320,-204.005,3.301,8.450
-293.063,-203.337,3.169,8.511
-293.788,-202.648,3.055,8.573
-294.493,-201.938,2.957,8.613
-295.176,-201.208,2.870,8.653
-295.836,-200.456,2.809,8.704
-296.471,-199.684,2.766,8.765
-297.081,-198.891,2.731,8.830
-297.663,-198.079,2.716,8.903
-298.217,-197.246,2.713,8.980
-298.741,-196.394,2.718,9.044
-299.234,-195.524,2.730,9.100
-299.694,-194.636,2.740,9.124
-300.121,-193.732,2.762,9.133
-300.514,-192.813,2.778,9.127
-300.872,-191.879,2.797,9.110
-301.193,-190.932,2.811,9.102
-301.477,-189.973,2.805,9.095
-301.724,-189.004,2.802,9.099
-301.933,-188.026,2.781,9.104
-302.103,-187.041,2.762,9.105
-302.234,-186.049,2.745,9.099
-302.326,-185.054,2.738,9.095
-302.379,-184.055,2.719,9.068
-302.393,-183.055,2.713,9.036
-302.368,-182.055,2.714,9.021
-302.304,-181.058,2.711,9.013
-302.201,-180.063,2.720,9.018
-302.060,-179.073,2.735,9.043
-301.881,-178.089,2.733,9.043
-301.665,-177.113,2.749,9.069
-301.416,-176.154,2.768,9.077
-301.129,-175.196,2.778,9.086
-300.807,-174.249,2.791,9.074
-300.452,-173.314,2.825,9.062
-300.065,-172.392,2.865,9.038
-299.647,-171.484,2.888,8.993
-299.199,-170.589,2.932,8.940
-298.723,-169.710,2.992,8.860
-298.219,-168.846,3.047,8.762
-297.690,-167.998,3.125,8.651
-297.136,-167.165,3.219,8.535
-296.560,-166.348,3.328,8.412
-295.962,-165.546,3.441,8.292
-295.344,-164.760,3.573,8.162
-294.707,-163.989,3.724,8.031
-294.052,-163.233,3.886,7.897
-293.381,-162.492,4.046,7.785
-292.696,-161.764,4.208,7.661
-291.996,-161.050,4.379,7.544
-291.283,-160.348,4.536,7.419
-290.558,-159.659,4.687,7.311
-289.823,-158.982,4.828,7.200
-289.077,-158.315,4.953,7.089
-288.322,-157.659,5.071,6.972
-287.559,-157.013,5.187,6.854
-286.789,-156.376,5.286,6.758
-286.011,-155.747,5.369,6.674
-285.227,-155.126,5.439,6.600
-284.437,-154.513,5.506,6.525
-283.642,-153.906,5.563,6.452
-282.843,-153.306,5.609,6.386
-282.039,-152.711,5.645,6.336
-281.231,-152.121,5.684,6.288
-280.420,-151.537,5.706,6.250
-279.605,-150.957,5.728,6.215
-278.788,-150.380,5.751,6.184
-277.968,-149.808,5.763,6.154
-277.145,-149.239,5.775,6.137
-276.321,-148.674,5.787,6.125
-275.494,-148.111,5.801,6.112
-274.665,-147.551,5.816,6.102
-273.835,-146.994,5.824,6.091
-273.003,-146.440,5.831,6.084
-272.169,-145.888,5.832,6.077
-271.334,-145.338,5.833,6.076
-270.497,-144.791,5.829,6.073
-269.658,-144.246,5.814,6.069
-268.818,-143.704,5.796,6.072
-267.976,-143.165,5.777,6.079
-267.132,-142.628,5.755,6.091
-266.286,-142.094,5.727,6.105
-265.439,-141.563,5.699,6.124
-264.590,-141.035,5.662,6.146
-263.738,-140.511,5.621,6.167
-262.884,-139.990,5.589,6.190
-262.028,-139.474,5.553,6.217
-261.169,-138.961,5.510,6.251
-260.308,-138.453,5.462,6.290
-259.444,-137.950,5.409,6.334
-258.577,-137.452,5.356,6.383
-257.706,-136.959,5.302,6.438
-256.833,-136.473,5.241,6.501
-255.956,-135.993,5.178,6.564
-255.075,-135.519,5.117,6.626
-254.190,-135.052,5.059,6.688
-253.302,-134.593,5.002,6.747
-252.410,-134.141,4.943,6.807
-251.513,-133.698,4.890,6.870
-250.613,-133.264,4.846,6.929
-249.708,-132.838,4.797,6.987
-248.799,-132.421,4.756,7.037
-247.885,-132.015,4.716,7.078
-246.967,-131.618,4.681,7.111
-246.045,-131.232,4.656,7.133
-245.118,-130.856,4.627,7.152
-244.187,-130.492,4.589,7.154
-243.251,-130.138,4.549,7.161
-242.312,-129.796,4.514,7.163
-241.368,-129.466,4.488,7.161
-240.420,-129.148,4.469,7.157
-239.468,-128.842,4.454,7.162
-238.512,-128.548,4.448,7.161
-237.552,-128.267,4.454,7.142
-236.589,-127.998,4.465,7.128
-235.622,-127.742,4.481,7.108
-234.653,-127.498,4.502,7.095
-233.680,-127.267,4.528,7.071
-232.704,-127.049,4.552,7.031
-231.725,-126.843,4.574,6.994
-230.744,-126.651,4.590,6.971
-229.760,-126.470,4.606,6.950
-228.774,-126.302,4.622,6.922
-227.787,-126.147,4.635,6.906
-226.797,-126.004,4.646,6.895
-225.805,-125.873,4.659,6.878
-224.813,-125.754,4.672,6.875
-223.818,-125.647,4.685,6.873
-222.823,-125.552,4.700,6.882
-221.826,-125.468,4.708,6.907
-220.829,-125.395,4.710,6.932
-219.831,-125.333,4.716,6.951
-218.832,-125.282,4.726,6.964
-217.833,-125.241,4.736,6.972
-216.834,-125.209,4.755,6.969
-215.834,-125.188,4.778,6.954
-214.834,-125.175,4.815,6.940
-213.834,-125.171,4.868,6.910
-212.834,-125.174,4.923,6.869
-211.834,-125.186,4.980,6.819
-210.834,-125.204,5.042,6.760
-209.835,-125.228,5.102,6.680
-208.835,-125.258,5.167,6.596
-207.836,-125.292,5.237,6.501
-206.836,-125.331,5.310,6.406
-205.837,-125.372,5.390,6.327
-204.838,-125.417,5.469,6.230
-203.839,-125.462,5.548,6.112
-202.840,-125.508,5.626,5.988
-201.841,-125.554,5.716,5.871
-200.842,-125.599,5.822,5.747
-199.843,-125.641,5.931,5.614
-198.844,-125.679,6.038,5.488
-197.844,-125.713,6.157,5.363
-196.845,-125.741,6.291,5.238
-195.845,-125.763,6.425,5.099
-194.845,-125.776,6.553,4.953
-193.845,-125.780,6.693,4.803
-192.845,-125.774,6.836,4.640
-191.845,-125.757,6.992,4.497
-190.846,-125.726,7.134,4.356
-189.847,-125.682,7.275,4.213
-188.849,-125.622,7.419,4.072
-187.851,-125.547,7.567,3.933
-186.856,-125.453,7.706,3.814
-185.862,-125.342,7.837,3.708
-184.871,-125.210,7.962,3.609
-183.882,-125.058,8.080,3.531
-182.898,-124.885,8.182,3.458
-181.917,-124.688,8.277,3.395
-180.941,-124.469,8.349,3.338
-179.971,-124.225,8.404,3.278
-179.008,-123.957,8.440,3.224
-178.052,-123.664,8.465,3.180
-177.104,-123.345,8.477,3.145
-176.166,-122.999,8.491,3.126
-175.237,-122.628,8.504,3.111
-174.320,-122.230,8.513,3.106
-173.415,-121.806,8.509,3.116
-172.522,-121.355,8.504,3.125
-171.643,-120.878,8.496,3.141
-170.779,-120.375,8.474,3.167
-169.930,-119.846,8.460,3.200
-169.098,-119.292,8.437,3.221
-168.282,-118.713,8.423,3.240
-167.485,-118.110,8.402,3.249
-166.706,-117.482,8.380,3.246
-165.947,-116.832,8.367,3.246
-165.207,-116.158,8.348,3.241
-164.489,-115.463,8.331,3.254
-163.791,-114.747,8.329,3.264
-163.115,-114.009,8.325,3.275
-162.462,-113.252,8.317,3.284
-161.832,-112.476,8.308,3.294
-161.225,-111.681,8.315,3.314
-160.642,-110.868,8.324,3.325
-160.084,-110.039,8.328,3.333
-159.550,-109.193,8.342,3.342
-159.042,-108.332,8.352,3.349
-158.560,-107.456,8.364,3.351
-158.103,-106.566,8.391,3.349
-157.674,-105.663,8.404,3.357
-157.271,-104.748,8.417,3.371
-156.895,-103.821,8.429,3.379
-156.547,-102.884,8.442,3.392
-156.228,-101.936,8.453,3.405
-155.936,-100.980,8.468,3.410
-155.673,-100.015,8.487,3.424
-155.439,-99.043,8.506,3.433
-155.233,-98.064,8.526,3.428
-155.058,-97.080,8.546,3.422
-154.911,-96.090,8.559,3.420
-154.794,-95.097,8.569,3.412
-154.707,-94.101,8.580,3.397
-154.649,-93.103,8.581,3.383
-154.622,-92.103,8.575,3.374
-154.624,-91.103,8.559,3.367
-154.657,-90.104,8.536,3.370
-154.719,-89.106,8.513,3.376
-154.811,-88.110,8.488,3.373
-154.933,-87.117,8.473,3.370
-155.084,-86.129,8.466,3.371
-155.265,-85.145,8.465,3.363
-155.475,-84.168,8.459,3.360
-155.715,-83.197,8.456,3.360
-155.983,-82.233,8.451,3.355
-156.280,-81.278,8.442,3.353
-156.605,-80.333,8.434,3.357
-156.958,-79.397,8.425,3.355
-157.339,-78.472,8.402,3.341
-157.747,-77.560,8.388,3.334
-158.182,-76.659,8.372,3.331
-158.643,-75.772,8.357,3.322
-159.131,-74.899,8.353,3.318
-159.645,-74.041,8.348,3.318
-160.183,-73.198,8.344,3.324
-160.747,-72.372,8.350,3.327
-161.334,-71.563,8.359,3.323
-161.946,-70.772,8.369,3.327
-162.580,-69.999,8.381,3.318
-163.237,-69.245,8.394,3.312
-163.916,-68.511,8.402,3.311
-164.617,-67.798,8.405,3.311
-165.339,-67.105,8.410,3.313
-166.081,-66.435,8.406,3.315
-166.842,-65.787,8.408,3.309
-167.622,-65.161,8.410,3.304
-168.421,-64.559,8.409,3.300
-169.237,-63.981,8.407,3.297
-170.070,-63.428,8.404,3.303
-170.919,-62.900,8.393,3.308
-171.783,-62.397,8.386,3.306
-172.662,-61.920,8.378,3.313
-173.555,-61.470,8.368,3.315
-174.461,-61.046,8.360,3.309
-175.379,-60.649,8.347,3.291
-176.308,-60.280,8.333,3.275
-177.248,-59.938,8.334,3.260
-178.198,-59.625,8.338,3.243
-179.156,-59.339,8.342,3.235
-180.122,-59.082,8.359,3.241
-181.096,-58.853,8.371,3.244
-182.075,-58.652,8.379,3.249
-183.060,-58.479,8.383,3.258
-184.050,-58.334,8.386,3.265
-185.043,-58.218,8.383,3.265
-186.039,-58.129,8.362,3.276
-187.037,-58.067,8.338,3.285
-188.036,-58.031,8.307,3.294
-189.036,-58.022,8.269,3.314
-190.036,-58.039,8.233,3.341
-191.035,-58.080,8.188,3.372
-192.033,-58.145,8.134,3.411
-193.029,-58.234,8.070,3.462
-194.023,-58.345,8.000,3.517
-195.014,-58.477,7.921,3.586
-196.003,-58.629,7.833,3.664
-196.988,-58.800,7.737,3.746
-197.970,-58.989,7.624,3.832
-198.949,-59.194,7.504,3.925
-199.924,-59.414,7.380,4.049
-200.896,-59.648,7.245,4.181
-201.865,-59.895,7.102,4.325
-202.832,-60.153,6.951,4.491
-203.795,-60.420,6.797,4.665
-204.756,-60.696,6.638,4.845
-205.716,-60.978,6.455,5.035
-206.674,-61.265,6.276,5.220
-207.630,-61.556,6.117,5.418
-208.587,-61.849,5.954,5.619
-209.542,-62.143,5.780,5.815
-210.499,-62.435,5.596,6.012
-211.456,-62.725,5.419,6.215
-212.414,-63.011,5.243,6.405
-213.374,-63.291,5.066,6.591
-214.336,-63.564,4.881,6.783
-215.301,-63.828,4.697,6.989
-216.268,-64.081,4.507,7.191
-217.239,-64.321,4.318,7.397
-218.213,-64.548,4.127,7.576
-219.190,-64.760,3.937,7.769
-220.171,-64.955,3.751,7.946
-221.155,-65.131,3.560,8.089
-222.143,-65.287,3.381,8.206
-223.134,-65.421,3.208,8.322
-224.128,-65.533,3.058,8.418
-225.124,-65.621,2.936,8.510
-226.122,-65.685,2.843,8.571
-227.121,-65.722,2.776,8.610
-228.121,-65.732,2.744,8.621
-229.121,-65.715,2.737,8.622
-230.120,-65.669,2.759,8.602
-231.117,-65.595,2.794,8.561
-232.112,-65.492,2.853,8.512
-233.103,-65.361,2.918,8.457
-234.090,-65.200,2.978,8.404
-235.072,-65.011,3.048,8.356
-236.048,-64.794,3.118,8.297
-237.017,-64.548,3.197,8.245
-237.979,-64.276,3.293,8.205
-238.934,-63.976,3.385,8.175
-239.879,-63.650,3.480,8.142
-240.815,-63.298,3.562,8.104
-241.741,-62.922,3.628,8.107
-242.658,-62.521,3.701,8.104
-243.563,-62.097,3.777,8.097
-244.458,-61.650,3.851,8.095
-245.341,-61.181,3.916,8.082
-246.213,-60.691,3.969,8.063
-247.073,-60.181,4.021,8.028
-247.920,-59.650,4.069,7.977
-248.755,-59.100,4.112,7.908
-249.578,-58.531,4.147,7.840
-250.388,-57.945,4.175,7.776
-251.184,-57.340,4.206,7.724
-251.968,-56.719,4.237,7.689
-252.738,-56.080,4.259,7.671
-253.494,-55.426,4.274,7.656
-254.236,-54.756,4.284,7.646
-254.964,-54.071,4.286,7.638
-255.678,-53.370,4.274,7.633
-256.377,-52.655,4.257,7.636
-257.061,-51.925,4.235,7.650
-257.729,-51.182,4.202,7.664
-258.382,-50.424,4.158,7.682
-259.020,-49.654,4.106,7.703
-259.641,-48.870,4.051,7.721
-260.245,-48.073,3.999,7.736
-260.832,-47.264,3.946,7.749
-261.403,-46.442,3.896,7.764
-261.955,-45.609,3.847,7.786
-262.490,-44.764,3.803,7.807
-263.007,-43.908,3.760,7.817
-263.505,-43.041,3.724,7.829
-263.984,-42.163,3.701,7.835
-264.444,-41.275,3.689,7.840
-264.885,-40.377,3.682,7.850
-265.306,-39.470,3.680,7.850
-265.707,-38.555,3.685,7.846
-266.089,-37.630,3.694,7.845
-266.450,-36.698,3.710,7.838
-266.792,-35.758,3.729,7.828
-267.113,-34.811,3.749,7.816
-267.414,-33.857,3.778,7.800
-267.695,-32.898,3.813,7.778
-267.956,-31.932,3.853,7.756
-268.197,-30.962,3.893,7.728
-268.418,-29.986,3.928,7.697
-268.619,-29.007,3.965,7.662
-268.802,-28.024,4.006,7.626
-268.965,-27.037,4.042,7.594
-269.109,-26.047,4.075,7.574
-269.234,-25.055,4.108,7.559
-269.342,-24.061,4.145,7.535
-269.431,-23.065,4.186,7.509
-269.503,-22.068,4.232,7.484
-269.558,-21.069,4.277,7.443
-269.596,-20.070,4.330,7.401
-269.618,-19.070,4.386,7.348
-269.624,-18.070,4.447,7.295
-269.614,-17.070,4.509,7.253
-269.590,-16.071,4.565,7.212
-269.550,-15.071,4.619,7.189
-269.497,-14.073,4.670,7.166
-269.430,-13.075,4.724,7.145
-269.349,-12.078,4.778,7.122
-269.256,-11.083,4.829,7.091
-269.150,-10.088,4.873,7.056
-269.031,-9.095,4.912,7.016
-268.901,-8.104,4.956,6.972
-268.760,-7.114,5.001,6.932
-268.607,-6.126,5.039,6.902
-268.444,-5.139,5.072,6.874
-268.270,-4.154,5.101,6.850
-268.086,-3.171,5.117,6.827
-267.892,-2.190,5.131,6.803
-267.689,-1.211,5.148,6.781
-267.476,-0.234,5.159,6.761
-267.255,0.741,5.163,6.746
-267.025,1.714,5.166,6.725
-266.786,2.685,5.173,6.698
-266.539,3.654,5.184,6.673
-266.284,4.621,5.195,6.659
-266.021,5.586,5.206,6.643
-265.751,6.549,5.217,6.622
-265.473,7.510,5.231,6.603
-265.188,8.468,5.241,6.595
-264.896,9.424,5.253,6.591
-264.597,10.379,5.266,6.580
-264.291,11.331,5.273,6.569
-263.979,12.281,5.280,6.559
-263.661,13.229,5.293,6.551
-263.336,14.175,5.305,6.547
-263.005,15.118,5.315,6.546
-262.669,16.060,5.325,6.547
-262.327,17.000,5.334,6.536
-261.979,17.937,5.340,6.519
-261.626,18.873,5.351,6.503
-261.268,19.807,5.369,6.491
-260.906,20.739,5.386,6.478
-260.538,21.669,5.404,6.449
-260.167,22.597,5.422,6.409
-259.790,23.524,5.443,6.373
-259.410,24.449,5.470,6.343
-259.026,25.372,5.494,6.305
-258.638,26.294,5.516,6.261
-258.247,27.214,5.540,6.225
-257.853,28.133,5.564,6.187
-257.455,29.050,5.591,6.145
-257.054,29.967,5.616,6.103
-256.651,30.882,5.636,6.059
-256.245,31.796,5.653,6.023
-255.837,32.709,5.673,5.994
-255.427,33.621,5.701,5.974
-255.015,34.532,5.725,5.961
-254.601,35.442,5.743,5.946
-254.185,36.352,5.762,5.932
-253.768,37.260,5.782,5.928
-253.349,38.169,5.801,5.931
-252.930,39.076,5.816,5.936
-252.509,39.983,5.830,5.933
-252.087,40.890,5.840,5.924
-251.664,41.796,5.846,5.927
-251.240,42.702,5.855,5.928
-250.816,43.608,5.866,5.920
-250.391,44.513,5.876,5.915
-249.966,45.418,5.881,5.916
-249.540,46.323,5.885,5.920
-249.114,47.227,5.889,5.920
-248.687,48.132,5.896,5.918
-248.260,49.036,5.906,5.916
-247.833,49.940,5.914,5.917
-247.406,50.844,5.920,5.920
-246.978,51.748,5.927,5.925
-246.550,52.652,5.935,5.934
-246.123,53.556,5.941,5.942
-245.695,54.460,5.947,5.942
-245.267,55.364,5.953,5.936
-244.839,56.267,5.953,5.932
-244.411,57.171,5.952,5.931
-243.982,58.075,5.951,5.932
-243.554,58.978,5.947,5.930
-243.126,59.882,5.939,5.923
-242.698,60.786,5.932,5.922
-242.269,61.689,5.924,5.922
-241.841,62.593,5.912,5.918
-241.412,63.496,5.902,5.913
-240.984,64.400,5.892,5.910
-240.555,65.303,5.883,5.907
-240.126,66.207,5.878,5.907
-239.697,67.110,5.874,5.910
-239.268,68.013,5.871,5.912
-238.839,68.917,5.868,5.913
-238.410,69.820,5.865,5.911
-237.981,70.723,5.864,5.912
-237.552,71.626,5.866,5.917
-237.122,72.529,5.869,5.920
-236.693,73.433,5.873,5.922
-236.263,74.336,5.876,5.927
-235.834,75.239,5.880,5.932
-235.404,76.142,5.886,5.934
-234.974,77.044,5.895,5.933
-234.544,77.947,5.904,5.934
-234.114,78.850,5.912,5.939
-233.684,79.753,5.923,5.947
-233.254,80.655,5.935,5.950
-232.823,81.558,5.946,5.946
-232.393,82.461,5.958,5.946
-231.962,83.363,5.967,5.948
-231.532,84.266,5.972,5.949
-231.101,85.168,5.974,5.951
-230.670,86.071,5.971,5.951
-230.239,86.973,5.973,5.954
-229.807,87.875,5.974,5.958
-229.376,88.777,5.968,5.962
-228.944,89.679,5.962,5.966
-228.512,90.581,5.952,5.971
-228.079,91.483,5.945,5.977
-227.646,92.384,5.945,5.981
-227.213,93.285,5.939,5.978
-226.778,94.186,5.934,5.974
-226.343,95.086,5.922,5.976
-225.907,95.986,5.912,5.978
-225.470,96.886,5.905,5.971
-225.032,97.784,5.894,5.970
-224.591,98.682,5.878,5.978
-224.149,99.579,5.858,5.986
-223.705,100.475,5.835,6.001
-223.259,101.370,5.810,6.020
-222.809,102.263,5.783,6.038
-222.357,103.155,5.753,6.059
-221.901,104.045,5.713,6.084
-221.440,104.933,5.669,6.114
-220.975,105.818,5.623,6.150
-220.505,106.700,5.574,6.192
-220.028,107.579,5.520,6.242
-219.545,108.455,5.461,6.301
-219.055,109.326,5.396,6.367
-218.556,110.193,5.318,6.441
-218.048,111.055,5.233,6.534
-217.531,111.910,5.147,6.641
-217.002,112.759,5.047,6.761
-216.462,113.601,4.939,6.911
-215.909,114.434,4.815,7.078
-215.341,115.257,4.678,7.265
-214.759,116.071,4.533,7.470
-214.161,116.872,4.372,7.703
-213.545,117.660,4.193,7.952
-212.912,118.433,3.993,8.216
-212.258,119.191,3.779,8.480
-211.585,119.930,3.562,8.728
-210.890,120.649,3.350,8.955
-210.173,121.346,3.127,9.170
-209.433,122.019,2.906,9.356
-208.670,122.665,2.702,9.535
-207.883,123.282,2.509,9.697
-207.072,123.867,2.326,9.838
-206.238,124.418,2.176,9.942
-205.380,124.932,2.071,9.995
-204.500,125.407,2.010,10.023
-203.598,125.839,1.990,10.033
-202.677,126.227,1.982,10.016
-201.737,126.569,1.991,9.992
-200.781,126.861,2.013,9.998
-199.810,127.104,2.040,10.027
-198.829,127.295,2.055,10.077
-197.839,127.434,2.071,10.115
-196.842,127.520,2.100,10.155
-195.843,127.554,2.142,10.203
-194.843,127.537,2.181,10.246
-193.846,127.468,2.223,10.275
-192.853,127.349,2.280,10.283
-191.867,127.183,2.342,10.275
-190.890,126.971,2.418,10.233
-189.923,126.714,2.524,10.154
-188.968,126.417,2.650,10.047
-188.027,126.080,2.802,9.914
-187.099,125.706,2.976,9.751
-186.186,125.299,3.166,9.552
-185.288,124.859,3.363,9.319
-184.404,124.391,3.565,9.087
-183.536,123.895,3.780,8.844
-182.682,123.374,3.994,8.590
-181.843,122.831,4.196,8.340
-181.017,122.267,4.387,8.105
-180.204,121.684,4.559,7.879
-179.405,121.084,4.721,7.664
-178.617,120.468,4.870,7.459
-177.840,119.838,5.010,7.269
-177.074,119.195,5.144,7.102
-176.318,118.540,5.269,6.963
-175.571,117.875,5.385,6.845
-174.833,117.201,5.492,6.742
-174.102,116.519,5.588,6.648
-173.378,115.829,5.672,6.568
-172.660,115.132,5.745,6.500
-171.949,114.430,5.804,6.445
-171.242,113.722,5.855,6.398
-170.541,113.010,5.899,6.357
-169.843,112.293,5.938,6.327
-169.149,111.573,5.971,6.308
-168.459,110.850,6.002,6.294
-167.771,110.124,6.028,6.278
-167.085,109.396,6.050,6.261
-166.402,108.666,6.069,6.247
-165.721,107.934,6.086,6.235
-165.041,107.200,6.100,6.224
-164.362,106.466,6.110,6.216
-163.684,105.731,6.118,6.211
-163.007,104.995,6.127,6.203
-162.330,104.259,6.133,6.191
-161.654,103.522,6.137,6.180
-160.978,102.785,6.146,6.166
-160.301,102.049,6.156,6.149
-159.625,101.312,6.168,6.129
-158.948,100.576,6.181,6.101
-158.271,99.841,6.191,6.066
-157.592,99.106,6.196,6.038
-156.913,98.372,6.204,6.011
-156.233,97.638,6.215,5.972
-155.552,96.906,6.228,5.926
-154.870,96.175,6.238,5.888
-154.186,95.446,6.243,5.857
-153.501,94.717,6.249,5.826
-152.814,93.991,6.259,5.792
-152.125,93.266,6.273,5.758
-151.434,92.543,6.285,5.727
-150.742,91.821,6.297,5.694
-150.047,91.102,6.310,5.659
-149.349,90.385,6.323,5.623
-148.650,89.671,6.335,5.591
-147.948,88.959,6.344,5.559
-147.243,88.249,6.349,5.528
-146.536,87.542,6.355,5.503
-145.826,86.838,6.360,5.478
-145.113,86.136,6.365,5.453
-144.398,85.438,6.368,5.435
-143.679,84.742,6.371,5.422
-142.958,84.050,6.377,5.411
-142.233,83.361,6.383,5.397
-141.506,82.675,6.392,5.390
-140.775,81.992,6.404,5.389
-140.042,81.312,6.416,5.395
-139.305,80.636,6.428,5.407
-138.566,79.963,6.439,5.423
-137.823,79.293,6.449,5.438
-137.077,78.626,6.456,5.451
-136.329,77.963,6.453,5.466
-135.578,77.303,6.449,5.487
-134.824,76.646,6.441,5.507
-134.067,75.993,6.425,5.520
-133.307,75.342,6.403,5.531
-132.545,74.695,6.375,5.541
-131.781,74.050,6.343,5.550
-131.014,73.408,6.309,5.558
-130.245,72.769,6.277,5.560
-129.473,72.133,6.241,5.563
-128.700,71.499,6.204,5.573
-127.925,70.868,6.171,5.579
-127.147,70.238,6.142,5.584
-126.368,69.612,6.115,5.595
-125.587,68.987,6.086,5.607
-124.805,68.364,6.053,5.621
-124.021,67.743,6.024,5.639
-123.236,67.124,6.000,5.660
-122.449,66.506,5.975,5.679
-121.662,65.890,5.948,5.692
-120.873,65.276,5.921,5.704
-120.083,64.662,5.897,5.716
-119.292,64.050,5.877,5.726
-118.501,63.438,5.860,5.737
-117.709,62.828,5.843,5.742
-116.916,62.219,5.826,5.745
-116.123,61.610,5.812,5.754
-115.329,61.002,5.802,5.766
-114.534,60.395,5.792,5.775
-113.740,59.788,5.786,5.780
-112.945,59.181,5.784,5.782
-112.149,58.575,5.785,5.784
-111.353,57.969,5.784,5.784
-110.558,57.364,5.780,5.784
-109.761,56.759,5.777,5.779
-108.965,56.154,5.778,5.773
-108.169,55.549,5.778,5.770
-107.372,54.944,5.775,5.772
-106.576,54.340,5.772,5.772
-105.779,53.735,5.773,5.767
-104.983,53.131,5.774,5.765
-104.186,52.526,5.770,5.768
-103.389,51.922,5.766,5.770
-102.592,51.318,5.762,5.772
-101.796,50.713,5.759,5.777
-101.000,50.110,5.758,5.780
-100.202,49.505,5.757,5.784
-99.406,48.900,5.759,5.787
-98.609,48.296,5.764,5.793
-97.812,47.692,5.770,5.796
-97.015,47.087,5.775,5.795
-96.220,46.484,5.784,5.798
-95.423,45.880,5.797,5.801
-94.627,45.275,5.804,5.809
-93.829,44.670,5.805,5.817
-93.032,44.065,5.805,5.810
-92.235,43.461,5.809,5.799
-91.438,42.857,5.815,5.795
-90.642,42.252,5.817,5.793
-89.845,41.648,5.813,5.789
-89.048,41.044,5.809,5.780
-88.252,40.439,5.806,5.774
-87.455,39.835,5.805,5.771
-86.658,39.231,5.806,5.770
-85.861,38.627,5.807,5.774
-85.064,38.022,5.806,5.778
-84.267,37.418,5.802,5.784
-83.471,36.814,5.798,5.795
-82.674,36.210,5.794,5.804
-81.877,35.606,5.791,5.808
-81.080,35.002,5.787,5.813
-80.283,34.397,5.784,5.815
-79.486,33.793,5.787,5.814
-78.689,33.189,5.793,5.812
-77.892,32.585,5.796,5.810
-77.095,31.981,5.802,5.810
-76.298,31.377,5.809,5.811
-75.501,30.773,5.810,5.810
-74.704,30.169,5.815,5.809
-73.907,29.565,5.823,5.808
-73.110,28.961,5.827,5.808
-72.313,28.357,5.828,5.811
-71.516,27.753,5.830,5.813
-70.719,27.149,5.828,5.815
-69.922,26.545,5.826,5.815
-69.125,25.942,5.825,5.816
-68.328,25.338,5.829,5.820
-67.531,24.734,5.835,5.825
-66.734,24.130,5.836,5.829
-65.937,23.526,5.838,5.834
-65.140,22.922,5.841,5.840
-64.343,22.318,5.845,5.845
-63.546,21.714,5.843,5.848
-62.749,21.111,5.842,5.852
-61.951,20.507,5.852,5.855
-61.154,19.903,5.857,5.855
-60.357,19.299,5.856,5.854
-59.560,18.696,5.857,5.856
-58.763,18.092,5.859,5.859
-57.966,17.488,5.857,5.860
-57.168,16.884,5.859,5.860
-56.371,16.281,5.866,5.856
-55.574,15.677,5.872,5.857
-54.778,15.074,5.873,5.863
-53.981,14.470,5.874,5.865
-53.184,13.867,5.876,5.866
-52.387,13.263,5.876,5.872
-51.590,12.659,5.877,5.877
-50.792,12.056,5.883,5.881
-49.995,11.452,5.888,5.883
-49.198,10.848,5.882,5.879
-48.401,10.244,5.871,5.880
-47.602,9.640,5.865,5.886
-46.805,9.036,5.859,5.880
-46.008,8.432,5.853,5.868
-45.210,7.828,5.851,5.859
-44.413,7.225,5.849,5.857
-43.616,6.621,5.844,5.858
-42.819,6.017,5.839,5.858
-42.022,5.414,5.835,5.857
-41.224,4.810,5.836,5.852
-40.427,4.207,5.844,5.841
-39.630,3.603,5.850,5.836
-38.832,2.999,5.853,5.840
-38.035,2.396,5.856,5.843
-37.238,1.792,5.856,5.839
-36.440,1.189,5.857,5.832
-35.643,0.585,5.859,5.824
-34.846,-0.018,5.859,5.821
-34.048,-0.622,5.858,5.822
-33.251,-1.225,5.853,5.820
-32.455,-1.827,5.846,5.811
-31.656,-2.432,5.839,5.804
-30.859,-3.036,5.836,5.801
-30.061,-3.639,5.834,5.801
-29.264,-4.242,5.825,5.805
-28.467,-4.846,5.813,5.809
-27.669,-5.450,5.802,5.811
-26.872,-6.053,5.793,5.810
-26.075,-6.657,5.783,5.811
-25.277,-7.260,5.773,5.813
-24.480,-7.864,5.764,5.815
-23.683,-8.468,5.758,5.817
-22.886,-9.072,5.756,5.815
-22.089,-9.676,5.751,5.813
-21.292,-10.280,5.749,5.815
-20.495,-10.884,5.752,5.815
-19.698,-11.488,5.759,5.810
-18.901,-12.092,5.765,5.807
-18.105,-12.696,5.766,5.805
-17.308,-13.301,5.768,5.803
-16.511,-13.905,5.771,5.803
-15.715,-14.510,5.777,5.802
-14.918,-15.114,5.784,5.799
-14.121,-15.719,5.790,5.797
-13.325,-16.323,5.788,5.795
-12.528,-16.928,5.783,5.791
-11.732,-17.533,5.782,5.788
-10.936,-18.138,5.790,5.786
-10.139,-18.742,5.794,5.783
-9.343,-19.347,5.798,5.780
-8.547,-19.952,5.804,5.777
-7.752,-20.556,5.807,5.777
-6.954,-21.162,5.806,5.779
-6.157,-21.766,5.808,5.782
-5.361,-22.371,5.813,5.785
-4.565,-22.976,5.816,5.787
-3.768,-23.581,5.812,5.789
-2.972,-24.186,5.808,5.792
-2.175,-24.790,5.806,5.798
-1.379,-25.395,5.811,5.804
-0.582,-26.000,5.817,5.810
0.214,-26.604,5.819,5.814
1.011,-27.209,5.818,5.819
1.807,-27.813,5.818,5.824
2.604,-28.418,5.817,5.829
3.401,-29.022,5.809,5.830
4.197,-29.626,5.806,5.828
4.994,-30.231,5.805,5.829
5.791,-30.835,5.801,5.832
6.588,-31.439,5.796,5.837
7.385,-32.043,5.866,5.841
8.182,-32.647,5.855,5.776
8.979,-33.251,5.850,5.782
9.776,-33.855,5.855,5.784
10.573,-34.458,5.874,5.790
11.370,-35.062,5.868,5.790
12.168,-35.666,5.857,5.789
12.965,-36.269,5.847,5.788
13.762,-36.873,5.836,5.791
14.560,-37.476,5.835,5.797
15.357,-38.080,5.821,5.800
16.155,-38.683,5.811,5.799
16.952,-39.286,5.809,5.796
17.750,-39.889,5.811,5.793
18.548,-40.492,5.808,5.794
19.345,-41.095,5.806,5.795
20.143,-41.698,5.797,5.798
20.941,-42.301,5.785,5.798
21.739,-42.904,5.783,5.798
22.536,-43.507,5.778,5.797
23.334,-44.110,5.767,5.801
24.132,-44.713,5.761,5.807
24.930,-45.316,5.770,5.807
25.728,-45.919,5.783,5.804
26.526,-46.521,5.796,5.805
27.324,-47.124,5.802,5.805
28.121,-47.727,5.809,5.803
28.919,-48.330,5.819,5.801
29.717,-48.933,5.820,5.803
30.515,-49.536,5.822,5.807
31.313,-50.138,5.818,5.810
32.111,-50.741,5.811,5.811
32.909,-51.344,5.817,5.809
33.706,-51.947,5.821,5.808
34.504,-52.550,5.824,5.810
35.302,-53.153,5.825,5.815
36.100,-53.756,5.827,5.820
36.897,-54.359,5.830,5.828
37.695,-54.962,5.835,5.835
38.493,-55.565,5.834,5.840
39.290,-56.168,5.833,5.845
40.088,-56.771,5.834,5.851
40.886,-57.374,5.831,5.858
41.683,-57.978,5.825,5.861
42.481,-58.581,5.820,5.858
43.279,-59.184,5.817,5.854
44.076,-59.787,5.818,5.849
44.874,-60.391,5.818,5.844
45.671,-60.994,5.816,5.841
46.469,-61.597,5.815,5.834
47.266,-62.200,5.819,5.832
48.064,-62.804,5.825,5.833
48.861,-63.407,5.826,5.827
49.659,-64.010,5.828,5.819
50.456,-64.614,5.830,5.814
51.254,-65.217,5.833,5.813
52.051,-65.820,5.837,5.814
52.849,-66.424,5.841,5.813
53.646,-67.027,5.842,5.812
54.444,-67.630,5.839,5.808
55.242,-68.233,5.837,5.807
56.039,-68.836,5.838,5.805
56.837,-69.440,5.836,5.804
57.634,-70.043,5.832,5.801
58.432,-70.646,5.826,5.800
59.230,-71.249,5.819,5.800
60.027,-71.852,5.814,5.801
60.825,-72.455,5.805,5.802
61.623,-73.058,5.797,5.802
62.421,-73.661,5.791,5.802
63.218,-74.264,5.789,5.804
64.016,-74.867,5.790,5.802
64.814,-75.470,5.788,5.800
65.612,-76.073,5.785,5.801
66.410,-76.676,5.787,5.800
67.207,-77.278,5.796,5.796
68.005,-77.881,5.807,5.797
68.803,-78.484,5.814,5.801
69.601,-79.087,5.817,5.804
70.399,-79.690,5.819,5.810
71.197,-80.293,5.819,5.815
71.994,-80.896,5.820,5.820
72.792,-81.499,5.818,5.827
73.590,-82.102,5.812,5.832
74.388,-82.705,5.804,5.833
75.186,-83.308,5.801,5.831
75.983,-83.911,5.804,5.829
76.781,-84.514,5.804,5.825
77.579,-85.117,5.803,5.820
78.377,-85.720,5.801,5.812
79.174,-86.323,5.799,5.804
79.972,-86.926,5.798,5.801
80.770,-87.529,5.797,5.800
81.567,-88.132,5.799,5.796
82.365,-88.735,5.802,5.793
83.163,-89.338,5.802,5.790
83.960,-89.941,5.805,5.787
84.758,-90.544,5.808,5.788
85.555,-91.148,5.810,5.792
86.353,-91.751,5.811,5.794
87.151,-92.354,5.808,5.798
87.948,-92.957,5.802,5.802
88.746,-93.561,5.799,5.805
89.543,-94.164,5.794,5.808
90.341,-94.767,5.785,5.810
91.138,-95.371,5.782,5.812
91.936,-95.974,5.782,5.818
92.733,-96.577,5.780,5.823
93.530,-97.181,5.779,5.822
94.328,-97.784,5.781,5.819
95.125,-98.388,5.787,5.819
95.923,-98.991,5.793,5.815
96.720,-99.595,5.799,5.812
97.517,-100.198,5.804,5.809
98.315,-100.801,5.807,5.806
99.112,-101.405,5.812,5.804
99.910,-102.008,5.815,5.797
100.707,-102.612,5.820,5.792
101.505,-103.215,5.820,5.792
102.302,-103.818,5.816,5.793
103.100,-104.422,5.815,5.792
103.897,-105.025,5.818,5.789
104.695,-105.628,5.821,5.786
105.492,-106.232,5.822,5.787
106.290,-106.835,5.824,5.791
107.088,-107.438,5.823,5.796
107.885,-108.041,5.821,5.798
108.683,-108.644,5.821,5.798
109.481,-109.247,5.821,5.795
110.279,-109.850,5.816,5.791
111.076,-110.452,5.811,5.788
111.874,-111.055,5.804,5.787
112.672,-111.658,5.797,5.782
113.470,-112.261,5.793,5.775
114.268,-112.863,5.789,5.772
115.066,-113.466,5.783,5.772
115.865,-114.068,5.778,5.769
116.663,-114.671,5.775,5.765
117.461,-115.273,5.774,5.765
118.259,-115.876,5.772,5.772
119.057,-116.478,5.766,5.776
119.855,-117.080,5.761,5.777
120.654,-117.683,5.758,5.775
121.452,-118.285,5.759,5.774
122.250,-118.887,5.758,5.773
123.049,-119.490,5.754,5.772
123.847,-120.092,5.755,5.770
124.645,-120.694,5.758,5.769
125.443,-121.296,5.760,5.766
126.242,-121.898,5.762,5.761
127.040,-122.501,5.764,5.756
127.839,-123.103,5.766,5.753
128.637,-123.705,5.763,5.749
129.435,-124.307,5.761,5.745
130.234,-124.909,5.764,5.744
131.032,-125.512,5.766,5.743
131.830,-126.114,5.762,5.743
132.629,-126.716,5.754,5.743
133.427,-127.318,5.748,5.744
134.225,-127.920,5.749,5.749
135.024,-128.523,5.752,5.753
135.822,-129.125,5.753,5.755
136.620,-129.727,5.751,5.754
137.419,-130.329,5.749,5.751
138.217,-130.932,5.748,5.751
139.015,-131.534,5.744,5.754
139.813,-132.136,5.737,5.756
140.612,-132.738,5.732,5.757
140.710,-132.812,5.732,5.757
